{
"lengthUnit": "mil",
"components": {
	"fields": ["COMPONENT_NO", "COMPONENT_NAME", "LAYER", "X_COORDINATE", "Y_COORDINATE", "ANGLE"],
	"rows": [
		[1, "3.3-LDO", "T", 855, -1540, 0],
		[2, "5V-BUCK", "T", 329.21, -1206.61, 270],
		[3, "Barometer", "T", 1990, -145, 0],
		[4, "BUZZER1", "T", 325, -2405, 0],
		[5, "C1", "T", 1605, -1635, 0],
		[6, "C2", "T", 325, -1870, 0],
		[7, "C3", "T", 1677.43, -1859.3, 0],
		[8, "C4", "T", 1662.04, -1989.3, 0],
		[9, "C5", "T", 2237.36, -1127.1, 90],
		[10, "C6", "T", 2237.99, -1377.1, 90],
		[11, "C7", "T", 2076.53, -146.6, 270],
		[12, "C8", "T", 835, -520, 0],
		[13, "C9", "T", 850, -760, 0],
		[14, "C10", "T", 847.74, -400.41, 0],
		[15, "C11", "T", 850, -880, 0],
		[16, "C12", "T", 840, -640, 0],
		[17, "C13", "T", 2075, -1615, 0],
		[18, "CARD1", "T", 2170, -2360, 90],
		[19, "D1", "T", 1385, -1350, 0],
		[20, "Gyro&Accel", "T", 790, -185, 0],
		[21, "L1", "T", 330, -565, 0],
		[22, "LED1", "T", 1910, -1890, 0],
		[23, "LED2", "T", 633.29, -2149.79, 0],
		[24, "LED3", "T", 1480.19, -2134.79, 0],
		[25, "LED4", "T", 1828.52, -1323.53, 90],
		[26, "P1", "T", 925, -2795, 0],
		[27, "P2", "T", 1420, -2805, 0],
		[28, "Q1", "T", 2486.94, -1703.62, 0],
		[29, "Q2", "T", 2486.94, -2102.05, 0],
		[30, "Q3", "T", 876.95, -2065.54, 90],
		[31, "Q4", "T", 1218.94, -2050.63, 90],
		[32, "R1", "T", 855, -1240, 0],
		[33, "R2", "T", 1935, -1045, 0],
		[34, "R3", "T", 1822.38, -1458.96, 90],
		[35, "R4", "T", 1952.38, -1457.39, 90],
		[36, "R5", "T", 855.24, -990.86, 0],
		[37, "R6", "T", 860.24, -1108.49, 0],
		[38, "R7", "T", 2090, -1740, 0],
		[39, "R8", "T", 2094.86, -1865.31, 0],
		[40, "R9", "T", 2104.86, -1983.01, 0],
		[41, "R10", "T", 865, -1815, 0],
		[42, "R11", "T", 730, -1820, 0],
		[43, "R12", "T", 695, -1935, 90],
		[44, "R13", "T", 1319.68, -1793.24, 0],
		[45, "R14", "T", 1175, -1790, 0],
		[46, "R15", "T", 1430.53, -1895.6, 270],
		[47, "R16", "T", 1825, -1175, 90],
		[48, "SW1", "T", 2480, -385, 90],
		[49, "SW2", "T", 2455, -1150, 0],
		[50, "SW3", "T", 2460, -1375, 0],
		[51, "TVC-Z", "T", 2065, -510, 0],
		[52, "TVZ-Y", "T", 2068.29, -340.75, 0],
		[53, "U1", "T", 1350, -685, 270],
		[54, "USB-PORT", "T", 2390, -780, 90],
		[55, "USB-UART", "T", 2010, -805, 0]
	]
},
"pins": {
	"fields": ["PIN_NO", "PIN_NAME", "PIN_X", "PIN_Y", "LAYER", "PIN_TYPE", "NET_NAME", "NET_TYPE", "PAD_SHAPE", "PAD_SIZEX", "PAD_SIZEY", "HOLE_SIZE", "PAD_ANGLE"],
	"rows": [
		[1, "3.3-LDO_1", 966.61, -1630.55, "T", "SMD", "GND", "GND", "R", 97.24, 38.58, 0, 0],
		[2, "3.3-LDO_2", 966.61, -1540, "T", "SMD", "+3.3V", "", "R", 97.24, 38.58, 0, 0],
		[3, "3.3-LDO_3", 966.61, -1449.45, "T", "SMD", "+5V", "", "R", 97.24, 38.58, 0, 0],
		[4, "3.3-LDO_4", 743.39, -1540, "T", "SMD", "GND", "GND", "R", 97.24, 141.73, 0, 0],
		[5, "5V-BUCK_1", 195.35, -1409.76, "T", "SMD", "+VBAT", "", "R", 121.37, 40.16, 0, 270],
		[6, "5V-BUCK_2", 262.28, -1409.76, "T", "SMD", "$1N1377", "", "R", 121.37, 40.16, 0, 270],
		[7, "5V-BUCK_3", 329.21, -1409.76, "T", "SMD", "GND", "GND", "R", 121.37, 40.16, 0, 270],
		[8, "5V-BUCK_4", 396.14, -1409.76, "T", "SMD", "+5V", "", "R", 121.37, 40.16, 0, 270],
		[9, "5V-BUCK_5", 463.07, -1409.76, "T", "SMD", "$1N1779", "", "R", 121.37, 40.16, 0, 270],
		[10, "5V-BUCK_6", 329.21, -1003.47, "T", "SMD", "5V-BUCK_6", "", "R", 334.64, 433.07, 0, 270],
		[11, "Barometer_1", 1999.84, -110.7, "T", "SMD", "+3.3V", "", "R", 11.81, 19.68, 0, 0],
		[12, "Barometer_2", 1980.16, -110.7, "T", "SMD", "SCK", "", "R", 11.81, 19.68, 0, 0],
		[13, "Barometer_3", 1955.78, -125.32, "T", "SMD", "GND", "GND", "R", 11.81, 19.68, 0, 270],
		[14, "Barometer_4", 1955.78, -145, "T", "SMD", "MOSI", "", "R", 11.81, 19.68, 0, 90],
		[15, "Barometer_5", 1955.78, -164.69, "T", "SMD", "MISO", "", "R", 11.81, 19.68, 0, 90],
		[16, "Barometer_6", 1980.16, -179.3, "T", "SMD", "CS_BARO", "", "R", 11.81, 19.68, 0, 180],
		[17, "Barometer_7", 1999.84, -179.3, "T", "SMD", "INT_BARO", "", "R", 11.81, 19.68, 0, 180],
		[18, "Barometer_8", 2024.22, -164.69, "T", "SMD", "GND", "GND", "R", 11.81, 19.68, 0, 270],
		[19, "Barometer_9", 2024.22, -145, "T", "SMD", "GND", "GND", "R", 11.81, 19.68, 0, 270],
		[20, "Barometer_10", 2024.22, -125.32, "T", "SMD", "+3.3V", "", "R", 11.81, 19.68, 0, 270],
		[21, "BUZZER1_1", 502.18, -2405, "T", "SMD", "BUZZER", "", "R", 137.79, 78.74, 0, 0],
		[22, "BUZZER1_2", 147.82, -2405, "T", "SMD", "GND", "GND", "R", 137.79, 78.74, 0, 0],
		[23, "C1_1", 1743.24, -1635, "T", "SMD", "+5V", "", "R", 86.91, 102.05, 0, 0],
		[24, "C1_2", 1466.76, -1635, "T", "SMD", "GND", "GND", "R", 86.91, 102.05, 0, 0],
		[25, "C2_1", 159.64, -1870, "T", "SMD", "+VBAT", "", "R", 177.16, 64.96, 0, 0],
		[26, "C2_2", 490.35, -1870, "T", "SMD", "GND", "GND", "R", 177.16, 64.96, 0, 0],
		[27, "C3_1", 1611.04, -1859.3, "T", "SMD", "+5V", "", "R", 69.19, 51.02, 0, 180],
		[28, "C3_2", 1743.82, -1859.3, "T", "SMD", "GND", "GND", "R", 69.19, 51.02, 0, 180],
		[29, "C4_1", 1614.8, -1989.3, "T", "SMD", "+3.3V", "", "R", 59.05, 53.5, 0, 0],
		[30, "C4_2", 1709.28, -1989.3, "T", "SMD", "GND", "GND", "R", 59.05, 53.5, 0, 0],
		[31, "C5_1", 2237.36, -1189.8, "T", "SMD", "RESET", "", "R", 58.47, 68.03, 0, 90],
		[32, "C5_2", 2237.36, -1064.4, "T", "SMD", "GND", "GND", "R", 58.47, 68.03, 0, 90],
		[33, "C6_1", 2237.99, -1439.8, "T", "SMD", "BOOT", "", "R", 58.47, 68.03, 0, 90],
		[34, "C6_2", 2237.99, -1314.4, "T", "SMD", "GND", "GND", "R", 58.47, 68.03, 0, 90],
		[35, "C7_1", 2076.53, -125.14, "T", "SMD", "GND", "GND", "R", 31.11, 21.26, 0, 270],
		[36, "C7_2", 2076.53, -168.06, "T", "SMD", "+3.3V", "", "R", 31.11, 21.26, 0, 270],
		[37, "C8_1", 813.54, -520, "T", "SMD", "+3.3V", "", "R", 31.11, 21.26, 0, 0],
		[38, "C8_2", 856.46, -520, "T", "SMD", "GND", "GND", "R", 31.11, 21.26, 0, 0],
		[39, "C9_1", 822.44, -760, "T", "SMD", "GND", "GND", "R", 31.5, 35.43, 0, 0],
		[40, "C9_2", 877.56, -760, "T", "SMD", "+3.3V", "", "R", 31.5, 35.43, 0, 0],
		[41, "C10_1", 820.18, -400.41, "T", "SMD", "GND", "GND", "R", 31.5, 35.43, 0, 0],
		[42, "C10_2", 875.3, -400.41, "T", "SMD", "+3.3V", "", "R", 31.5, 35.43, 0, 0],
		[43, "C11_1", 828.54, -880, "T", "SMD", "GND", "GND", "R", 31.11, 21.26, 0, 0],
		[44, "C11_2", 871.46, -880, "T", "SMD", "+3.3V", "", "R", 31.11, 21.26, 0, 0],
		[45, "C12_1", 818.54, -640, "T", "SMD", "GND", "GND", "R", 31.11, 21.26, 0, 0],
		[46, "C12_2", 861.46, -640, "T", "SMD", "+3.3V", "", "R", 31.11, 21.26, 0, 0],
		[47, "C13_1", 2053.54, -1615, "T", "SMD", "GND", "GND", "R", 31.11, 21.26, 0, 0],
		[48, "C13_2", 2096.46, -1615, "T", "SMD", "+3.3V", "", "R", 31.11, 21.26, 0, 0],
		[49, "CARD1_1", 1961.34, -2271.41, "T", "SMD", "CARD1_1", "", "R", 27.56, 62.99, 0, 90],
		[50, "CARD1_2", 1961.34, -2314.72, "T", "SMD", "CD_SD", "", "R", 27.56, 62.99, 0, 90],
		[51, "CARD1_3", 1961.34, -2358.03, "T", "SMD", "MOSI", "", "R", 27.56, 62.99, 0, 90],
		[52, "CARD1_4", 1961.34, -2401.34, "T", "SMD", "+3.3V", "", "R", 27.56, 62.99, 0, 90],
		[53, "CARD1_5", 1961.34, -2444.64, "T", "SMD", "SCK", "", "R", 27.56, 62.99, 0, 90],
		[54, "CARD1_6", 1961.34, -2487.95, "T", "SMD", "GND", "GND", "R", 27.56, 62.99, 0, 90],
		[55, "CARD1_7", 1961.34, -2531.26, "T", "SMD", "MISO", "", "R", 27.56, 62.99, 0, 90],
		[56, "CARD1_8", 1961.34, -2574.56, "T", "SMD", "CARD1_8", "", "R", 27.56, 62.99, 0, 90],
		[57, "CARD1_10", 2000.71, -2665.12, "T", "SMD", "CARD1_10", "", "R", 47.24, 59.05, 0, 90],
		[58, "CARD1_11", 2378.66, -2665.12, "T", "SMD", "CARD1_11", "", "R", 47.24, 86.61, 0, 90],
		[59, "CARD1_12", 2378.66, -2054.88, "T", "SMD", "CARD1_12", "", "R", 47.24, 86.61, 0, 90],
		[60, "CARD1_13", 2000.71, -2090.31, "T", "SMD", "CARD1_13", "", "R", 62.99, 59.05, 0, 90],
		[61, "CARD1_CD", 1961.34, -2617.87, "T", "SMD", "CARD1_CD", "", "R", 27.56, 62.99, 0, 90],
		[62, "D1_1", 1119.25, -1350, "T", "DIP", "$1N1377", "", "C", 86.61, 86.61, 55.12, 180],
		[63, "D1_1", 1119.25, -1350, "B", "DIP", "$1N1377", "", "C", 86.61, 86.61, 55.12, 180],
		[64, "D1_2", 1650.75, -1350, "T", "DIP", "GND", "GND", "C", 86.61, 86.61, 55.12, 180],
		[65, "D1_2", 1650.75, -1350, "B", "DIP", "GND", "GND", "C", 86.61, 86.61, 55.12, 180],
		[66, "Gyro&Accel_1", 742.76, -243.97, "T", "SMD", "Gyro&Accel_1", "", "R", 9.84, 31.5, 0, 90],
		[67, "Gyro&Accel_2", 742.76, -224.29, "T", "SMD", "GND", "GND", "R", 9.84, 31.5, 0, 90],
		[68, "Gyro&Accel_3", 742.76, -204.6, "T", "SMD", "+3.3V", "", "R", 9.84, 31.5, 0, 90],
		[69, "Gyro&Accel_4", 742.76, -184.92, "T", "SMD", "GND", "GND", "R", 9.84, 31.5, 0, 90],
		[70, "Gyro&Accel_5", 742.76, -165.23, "T", "SMD", "CS_GYRO", "", "R", 9.84, 31.5, 0, 90],
		[71, "Gyro&Accel_6", 742.76, -145.55, "T", "SMD", "GND", "GND", "R", 9.84, 31.5, 0, 90],
		[72, "Gyro&Accel_7", 742.76, -125.86, "T", "SMD", "GND", "GND", "R", 9.84, 31.5, 0, 90],
		[73, "Gyro&Accel_8", 790, -109.61, "T", "SMD", "SCK", "", "R", 9.84, 31.5, 0, 180],
		[74, "Gyro&Accel_9", 837.24, -125.86, "T", "SMD", "MOSI", "", "R", 9.84, 31.5, 0, 270],
		[75, "Gyro&Accel_10", 837.24, -145.55, "T", "SMD", "MISO", "", "R", 9.84, 31.5, 0, 270],
		[76, "Gyro&Accel_11", 837.24, -165.23, "T", "SMD", "+3.3V", "", "R", 9.84, 31.5, 0, 270],
		[77, "Gyro&Accel_12", 837.24, -184.92, "T", "SMD", "INT3_GYRO", "", "R", 9.84, 31.5, 0, 270],
		[78, "Gyro&Accel_13", 837.24, -204.6, "T", "SMD", "Gyro&Accel_13", "", "R", 9.84, 31.5, 0, 270],
		[79, "Gyro&Accel_14", 837.24, -224.29, "T", "SMD", "CS_ACCEL", "", "R", 9.84, 31.5, 0, 270],
		[80, "Gyro&Accel_15", 837.24, -243.97, "T", "SMD", "MISO", "", "R", 9.84, 31.5, 0, 270],
		[81, "Gyro&Accel_16", 790, -260.39, "T", "SMD", "INT1_ACCEL", "", "R", 9.84, 31.5, 0, 0],
		[82, "L1_1", 502.36, -565, "T", "SMD", "+5V", "", "R", 118.11, 130.71, 0, 0],
		[83, "L1_2", 157.64, -565, "T", "SMD", "$1N1377", "", "R", 118.11, 130.71, 0, 0],
		[84, "LED1_1", 1850.95, -1846.69, "T", "SMD", "GND", "GND", "R", 27.56, 47.24, 0, 90],
		[85, "LED1_2", 1850.95, -1890, "T", "SMD", "GND", "GND", "R", 27.56, 47.24, 0, 270],
		[86, "LED1_3", 1850.95, -1933.31, "T", "SMD", "GND", "GND", "R", 27.56, 47.24, 0, 270],
		[87, "LED1_4", 1969.05, -1933.31, "T", "SMD", "$4N544", "", "R", 27.56, 47.24, 0, 270],
		[88, "LED1_5", 1969.05, -1889.99, "T", "SMD", "$4N560", "", "R", 27.56, 47.24, 0, 270],
		[89, "LED1_6", 1969.05, -1846.69, "T", "SMD", "$4N565", "", "R", 27.56, 47.24, 0, 270],
		[90, "LED2_1", 601.81, -2149.79, "T", "SMD", "GND", "GND", "R", 31.5, 31.5, 0, 90],
		[91, "LED2_2", 664.76, -2149.78, "T", "SMD", "$4N1910", "", "R", 31.5, 31.5, 0, 90],
		[92, "LED3_1", 1448.71, -2134.79, "T", "SMD", "GND", "GND", "R", 31.5, 31.5, 0, 90],
		[93, "LED3_2", 1511.66, -2134.78, "T", "SMD", "$4N2219", "", "R", 31.5, 31.5, 0, 90],
		[94, "LED4_1", 1828.52, -1355, "T", "SMD", "GND", "GND", "R", 31.5, 31.5, 0, 180],
		[95, "LED4_2", 1828.51, -1292.05, "T", "SMD", "$2N2598", "", "R", 31.5, 31.5, 0, 180],
		[96, "P1_1", 826.4, -2795, "T", "DIP", "+VBAT", "", "C", 78.74, 78.74, 51.18, 0],
		[97, "P1_1", 826.4, -2795, "B", "DIP", "+VBAT", "", "C", 78.74, 78.74, 51.18, 0],
		[98, "P1_2", 1023.6, -2795, "T", "DIP", "$4N1551", "", "C", 78.74, 78.74, 51.18, 0],
		[99, "P1_2", 1023.6, -2795, "B", "DIP", "$4N1551", "", "C", 78.74, 78.74, 51.18, 0],
		[100, "P2_1", 1321.4, -2805, "T", "DIP", "+VBAT", "", "C", 78.74, 78.74, 51.18, 0],
		[101, "P2_1", 1321.4, -2805, "B", "DIP", "+VBAT", "", "C", 78.74, 78.74, 51.18, 0],
		[102, "P2_2", 1518.6, -2805, "T", "DIP", "$4N2217", "", "C", 78.74, 78.74, 51.18, 0],
		[103, "P2_2", 1518.6, -2805, "B", "DIP", "$4N2217", "", "C", 78.74, 78.74, 51.18, 0],
		[104, "Q1_1", 2535.56, -1741.02, "T", "SMD", "$2N1861", "", "R", 42.13, 23.62, 0, 0],
		[105, "Q1_2", 2535.56, -1666.22, "T", "SMD", "RTS", "", "R", 42.13, 23.62, 0, 0],
		[106, "Q1_3", 2438.31, -1703.62, "T", "SMD", "RESET", "", "R", 42.13, 23.62, 0, 0],
		[107, "Q2_1", 2535.56, -2139.45, "T", "SMD", "$2N1902", "", "R", 42.13, 23.62, 0, 0],
		[108, "Q2_2", 2535.56, -2064.65, "T", "SMD", "DTR", "", "R", 42.13, 23.62, 0, 0],
		[109, "Q2_3", 2438.31, -2102.05, "T", "SMD", "BOOT", "", "R", 42.13, 23.62, 0, 0],
		[110, "Q3_1", 967.5, -1930.64, "T", "SMD", "$4N1665", "", "R", 100, 39.37, 0, 90],
		[111, "Q3_2", 876.95, -2200.45, "T", "SMD", "$4N1551", "", "R", 244.09, 228.35, 0, 90],
		[112, "Q3_3", 786.4, -1930.64, "T", "SMD", "GND", "GND", "R", 100, 39.37, 0, 90],
		[113, "Q4_1", 1309.49, -1915.73, "T", "SMD", "$4N2203", "", "R", 100, 39.37, 0, 90],
		[114, "Q4_2", 1218.94, -2185.54, "T", "SMD", "$4N2217", "", "R", 244.09, 228.35, 0, 90],
		[115, "Q4_3", 1128.39, -1915.73, "T", "SMD", "GND", "GND", "R", 100, 39.37, 0, 90],
		[116, "R1_1", 825.34, -1240, "T", "SMD", "$1N1779", "", "R", 31.75, 34.02, 0, 0],
		[117, "R1_2", 884.66, -1240, "T", "SMD", "+VBAT", "", "R", 31.75, 34.02, 0, 0],
		[118, "R2_1", 1905.34, -1045, "T", "SMD", "RESET", "", "R", 31.75, 34.02, 0, 0],
		[119, "R2_2", 1964.66, -1045, "T", "SMD", "+3.3V", "", "R", 31.75, 34.02, 0, 0],
		[120, "R3_1", 1822.38, -1488.62, "T", "SMD", "DTR", "", "R", 31.75, 34.02, 0, 90],
		[121, "R3_2", 1822.38, -1429.3, "T", "SMD", "$2N1861", "", "R", 31.75, 34.02, 0, 90],
		[122, "R4_1", 1952.38, -1487.05, "T", "SMD", "RTS", "", "R", 31.75, 34.02, 0, 90],
		[123, "R4_2", 1952.38, -1427.73, "T", "SMD", "$2N1902", "", "R", 31.75, 34.02, 0, 90],
		[124, "R5_1", 825.58, -990.86, "T", "SMD", "V_BATT", "", "R", 31.75, 34.02, 0, 0],
		[125, "R5_2", 884.9, -990.86, "T", "SMD", "+VBAT", "", "R", 31.75, 34.02, 0, 0],
		[126, "R6_1", 830.58, -1108.49, "T", "SMD", "GND", "GND", "R", 31.75, 34.02, 0, 0],
		[127, "R6_2", 889.9, -1108.49, "T", "SMD", "V_BATT", "", "R", 31.75, 34.02, 0, 0],
		[128, "R7_1", 2060.34, -1740, "T", "SMD", "$4N544", "", "R", 31.75, 34.02, 0, 0],
		[129, "R7_2", 2119.66, -1740, "T", "SMD", "RED", "", "R", 31.75, 34.02, 0, 0],
		[130, "R8_1", 2065.2, -1865.31, "T", "SMD", "$4N560", "", "R", 31.75, 34.02, 0, 0],
		[131, "R8_2", 2124.52, -1865.31, "T", "SMD", "GREEN", "", "R", 31.75, 34.02, 0, 0],
		[132, "R9_1", 2075.2, -1983.01, "T", "SMD", "$4N565", "", "R", 31.75, 34.02, 0, 0],
		[133, "R9_2", 2134.52, -1983.01, "T", "SMD", "BLUE", "", "R", 31.75, 34.02, 0, 0],
		[134, "R10_1", 835.34, -1815, "T", "SMD", "$4N1665", "", "R", 31.75, 34.02, 0, 0],
		[135, "R10_2", 894.66, -1815, "T", "SMD", "GND", "GND", "R", 31.75, 34.02, 0, 0],
		[136, "R11_1", 700.34, -1820, "T", "SMD", "PYRO1", "", "R", 31.75, 34.02, 0, 0],
		[137, "R11_2", 759.66, -1820, "T", "SMD", "$4N1665", "", "R", 31.75, 34.02, 0, 0],
		[138, "R12_1", 695, -1964.66, "T", "SMD", "$4N1910", "", "R", 31.75, 34.02, 0, 90],
		[139, "R12_2", 695, -1905.34, "T", "SMD", "PYRO1", "", "R", 31.75, 34.02, 0, 90],
		[140, "R13_1", 1290.02, -1793.24, "T", "SMD", "$4N2203", "", "R", 31.75, 34.02, 0, 0],
		[141, "R13_2", 1349.34, -1793.24, "T", "SMD", "GND", "GND", "R", 31.75, 34.02, 0, 0],
		[142, "R14_1", 1145.34, -1790, "T", "SMD", "PYRO2", "", "R", 31.75, 34.02, 0, 0],
		[143, "R14_2", 1204.66, -1790, "T", "SMD", "$4N2203", "", "R", 31.75, 34.02, 0, 0],
		[144, "R15_1", 1430.53, -1865.94, "T", "SMD", "$4N2219", "", "R", 31.75, 34.02, 0, 270],
		[145, "R15_2", 1430.53, -1925.26, "T", "SMD", "PYRO2", "", "R", 31.75, 34.02, 0, 270],
		[146, "R16_1", 1825, -1204.66, "T", "SMD", "$2N2598", "", "R", 31.75, 34.02, 0, 90],
		[147, "R16_2", 1825, -1145.34, "T", "SMD", "$2N2610", "", "R", 31.75, 34.02, 0, 90],
		[148, "SW1_1", 2422.91, -424.37, "T", "SMD", "SW1_1", "", "R", 27.56, 59.05, 0, 90],
		[149, "SW1_2", 2422.91, -385, "T", "SMD", "GND", "GND", "R", 27.56, 59.05, 0, 90],
		[150, "SW1_3", 2422.91, -345.63, "T", "SMD", "$1N1779", "", "R", 27.56, 59.05, 0, 90],
		[151, "SW1_4", 2450.47, -493.27, "T", "SMD", "SW1_4", "", "R", 39.37, 31.5, 0, 90],
		[152, "SW1_4", 2537.09, -493.27, "T", "SMD", "SW1_A_4", "", "R", 39.37, 31.5, 0, 90],
		[153, "SW1_5", 2450.47, -276.73, "T", "SMD", "SW1_5", "", "R", 39.37, 31.5, 0, 90],
		[154, "SW1_5", 2537.09, -276.73, "T", "SMD", "SW1_A_5", "", "R", 39.37, 31.5, 0, 90],
		[155, "SW2_1", 2380.2, -1120.47, "T", "SMD", "GND", "GND", "R", 59.05, 35.43, 0, 0],
		[156, "SW2_1", 2529.8, -1120.47, "T", "SMD", "GND", "GND", "R", 59.05, 35.43, 0, 0],
		[157, "SW2_2", 2529.8, -1179.53, "T", "SMD", "RESET", "", "R", 59.05, 35.43, 0, 0],
		[158, "SW2_2", 2380.2, -1179.53, "T", "SMD", "RESET", "", "R", 59.05, 35.43, 0, 0],
		[159, "SW3_1", 2385.2, -1345.47, "T", "SMD", "GND", "GND", "R", 59.05, 35.43, 0, 0],
		[160, "SW3_1", 2534.8, -1345.47, "T", "SMD", "GND", "GND", "R", 59.05, 35.43, 0, 0],
		[161, "SW3_2", 2534.8, -1404.53, "T", "SMD", "BOOT", "", "R", 59.05, 35.43, 0, 0],
		[162, "SW3_2", 2385.2, -1404.53, "T", "SMD", "BOOT", "", "R", 59.05, 35.43, 0, 0],
		[163, "TVC-Z_1", 1965, -510, "T", "DIP", "TVZ-Z", "", "R", 66.93, 66.93, 43.31, 0],
		[164, "TVC-Z_1", 1965, -510, "B", "DIP", "TVZ-Z", "", "R", 66.93, 66.93, 43.31, 0],
		[165, "TVC-Z_2", 2065, -510, "T", "DIP", "+5V", "", "C", 66.93, 66.93, 43.31, 0],
		[166, "TVC-Z_2", 2065, -510, "B", "DIP", "+5V", "", "C", 66.93, 66.93, 43.31, 0],
		[167, "TVC-Z_3", 2165, -510, "T", "DIP", "GND", "GND", "C", 66.93, 66.93, 43.31, 0],
		[168, "TVC-Z_3", 2165, -510, "B", "DIP", "GND", "GND", "C", 66.93, 66.93, 43.31, 0],
		[169, "TVZ-Y_1", 1968.29, -340.75, "T", "DIP", "TVZ-Y", "", "R", 66.93, 66.93, 43.31, 0],
		[170, "TVZ-Y_1", 1968.29, -340.75, "B", "DIP", "TVZ-Y", "", "R", 66.93, 66.93, 43.31, 0],
		[171, "TVZ-Y_2", 2068.29, -340.75, "T", "DIP", "+5V", "", "C", 66.93, 66.93, 43.31, 0],
		[172, "TVZ-Y_2", 2068.29, -340.75, "B", "DIP", "+5V", "", "C", 66.93, 66.93, 43.31, 0],
		[173, "TVZ-Y_3", 2168.29, -340.75, "T", "DIP", "GND", "GND", "C", 66.93, 66.93, 43.31, 0],
		[174, "TVZ-Y_3", 2168.29, -340.75, "B", "DIP", "GND", "GND", "C", 66.93, 66.93, 43.31, 0],
		[175, "U1_1", 995.67, -330.57, "T", "SMD", "GND", "GND", "R", 37.4, 82.68, 0, 270],
		[176, "U1_2", 995.67, -380.57, "T", "SMD", "+3.3V", "", "R", 37.4, 82.68, 0, 270],
		[177, "U1_3", 995.67, -430.57, "T", "SMD", "RESET", "", "R", 37.4, 82.68, 0, 270],
		[178, "U1_4", 995.67, -480.57, "T", "SMD", "V_BATT", "", "R", 37.4, 82.68, 0, 270],
		[179, "U1_5", 995.67, -530.57, "T", "SMD", "INT_BARO", "", "R", 37.4, 82.68, 0, 270],
		[180, "U1_6", 995.67, -580.57, "T", "SMD", "INT1_ACCEL", "", "R", 37.4, 82.68, 0, 270],
		[181, "U1_7", 995.67, -630.57, "T", "SMD", "INT3_GYRO", "", "R", 37.4, 82.68, 0, 270],
		[182, "U1_8", 995.67, -680.57, "T", "SMD", "CS_GYRO", "", "R", 37.4, 82.68, 0, 270],
		[183, "U1_9", 995.67, -730.57, "T", "SMD", "CD_SD", "", "R", 37.4, 82.68, 0, 270],
		[184, "U1_10", 995.67, -780.57, "T", "SMD", "CS_BARO", "", "R", 37.4, 82.68, 0, 270],
		[185, "U1_11", 995.67, -830.57, "T", "SMD", "RED", "", "R", 37.4, 82.68, 0, 270],
		[186, "U1_12", 995.67, -880.57, "T", "SMD", "CS_ACCEL", "", "R", 37.4, 82.68, 0, 270],
		[187, "U1_13", 995.67, -930.57, "T", "SMD", "GREEN", "", "R", 37.4, 82.68, 0, 270],
		[188, "U1_14", 995.67, -980.57, "T", "SMD", "BLUE", "", "R", 37.4, 82.68, 0, 270],
		[189, "U1_15", 1125, -1039.43, "T", "SMD", "GND", "GND", "R", 82.68, 37.4, 0, 270],
		[190, "U1_16", 1175, -1039.43, "T", "SMD", "U1_16", "", "R", 82.68, 37.4, 0, 270],
		[191, "U1_17", 1225, -1039.43, "T", "SMD", "U1_17", "", "R", 82.68, 37.4, 0, 270],
		[192, "U1_18", 1275, -1039.43, "T", "SMD", "U1_18", "", "R", 82.68, 37.4, 0, 270],
		[193, "U1_19", 1325, -1039.43, "T", "SMD", "U1_19", "", "R", 82.68, 37.4, 0, 270],
		[194, "U1_20", 1375, -1039.43, "T", "SMD", "U1_20", "", "R", 82.68, 37.4, 0, 270],
		[195, "U1_21", 1425, -1039.43, "T", "SMD", "U1_21", "", "R", 82.68, 37.4, 0, 270],
		[196, "U1_22", 1475, -1039.43, "T", "SMD", "U1_22", "", "R", 82.68, 37.4, 0, 270],
		[197, "U1_23", 1525, -1039.43, "T", "SMD", "U1_23", "", "R", 82.68, 37.4, 0, 270],
		[198, "U1_24", 1575, -1039.43, "T", "SMD", "$2N2610", "", "R", 82.68, 37.4, 0, 270],
		[199, "U1_25", 1704.33, -980.57, "T", "SMD", "BOOT", "", "R", 37.4, 82.68, 0, 270],
		[200, "U1_26", 1704.33, -930.57, "T", "SMD", "BUZZER", "", "R", 37.4, 82.68, 0, 270],
		[201, "U1_27", 1704.33, -880.57, "T", "SMD", "PYRO2", "", "R", 37.4, 82.68, 0, 270],
		[202, "U1_28", 1704.33, -830.57, "T", "SMD", "PYRO1", "", "R", 37.4, 82.68, 0, 270],
		[203, "U1_29", 1704.33, -780.57, "T", "SMD", "U1_29", "", "R", 37.4, 82.68, 0, 270],
		[204, "U1_30", 1704.33, -730.57, "T", "SMD", "SCK", "", "R", 37.4, 82.68, 0, 270],
		[205, "U1_31", 1704.33, -680.57, "T", "SMD", "MISO", "", "R", 37.4, 82.68, 0, 270],
		[206, "U1_32", 1704.33, -630.57, "T", "SMD", "U1_32", "", "R", 37.4, 82.68, 0, 270],
		[207, "U1_33", 1704.33, -580.57, "T", "SMD", "TVZ-Z", "", "R", 37.4, 82.68, 0, 270],
		[208, "U1_34", 1704.33, -530.57, "T", "SMD", "CH_RX", "", "R", 37.4, 82.68, 0, 270],
		[209, "U1_35", 1704.33, -480.57, "T", "SMD", "CH_TX", "", "R", 37.4, 82.68, 0, 270],
		[210, "U1_36", 1704.33, -430.57, "T", "SMD", "TVZ-Y", "", "R", 37.4, 82.68, 0, 270],
		[211, "U1_37", 1704.33, -380.57, "T", "SMD", "MOSI", "", "R", 37.4, 82.68, 0, 270],
		[212, "U1_38", 1704.33, -330.57, "T", "SMD", "GND", "GND", "R", 37.4, 82.68, 0, 270],
		[213, "U1_39", 1290.93, -632.97, "T", "SMD", "GND", "GND", "R", 35.43, 35.43, 0, 90],
		[214, "U1_39", 1235.82, -632.97, "T", "SMD", "GND", "GND", "R", 35.43, 35.43, 0, 90],
		[215, "U1_39", 1346.06, -632.97, "T", "SMD", "GND", "GND", "R", 35.43, 35.43, 0, 90],
		[216, "U1_39", 1346.06, -577.85, "T", "SMD", "GND", "GND", "R", 35.43, 35.43, 0, 90],
		[217, "U1_39", 1290.94, -577.85, "T", "SMD", "GND", "GND", "R", 35.43, 35.43, 0, 90],
		[218, "U1_39", 1235.82, -577.85, "T", "SMD", "GND", "GND", "R", 35.43, 35.43, 0, 90],
		[219, "U1_39", 1235.82, -688.09, "T", "SMD", "GND", "GND", "R", 35.43, 35.43, 0, 90],
		[220, "U1_39", 1290.94, -688.09, "T", "SMD", "GND", "GND", "R", 35.43, 35.43, 0, 90],
		[221, "U1_39", 1346.06, -688.09, "T", "SMD", "GND", "GND", "R", 35.43, 35.43, 0, 90],
		[222, "USB-PORT_1", 2327.15, -831.18, "T", "SMD", "+VUSB", "", "R", 62.99, 15.75, 0, 0],
		[223, "USB-PORT_2", 2327.15, -805.59, "T", "SMD", "D-", "", "R", 62.99, 15.75, 0, 0],
		[224, "USB-PORT_3", 2327.15, -780, "T", "SMD", "D+", "", "R", 62.99, 15.75, 0, 0],
		[225, "USB-PORT_4", 2327.15, -754.41, "T", "SMD", "USB-PORT_4", "", "R", 62.99, 15.75, 0, 0],
		[226, "USB-PORT_5", 2327.15, -728.82, "T", "SMD", "GND", "GND", "R", 62.99, 15.75, 0, 0],
		[227, "USB-PORT_6", 2347.72, -684.53, "T", "DIP", "USB-PORT_6", "", "C", 51.18, 51.18, 27.56, 90],
		[228, "USB-PORT_6", 2347.72, -684.53, "B", "DIP", "USB-PORT_6", "", "C", 51.18, 51.18, 27.56, 90],
		[229, "USB-PORT_7", 2452.85, -637.29, "T", "DIP", "USB-PORT_7", "", "O", 51.18, 70.87, 43.31, 90],
		[230, "USB-PORT_7", 2452.85, -637.29, "B", "DIP", "USB-PORT_7", "", "O", 51.18, 70.87, 43.31, 90],
		[231, "USB-PORT_8", 2452.85, -922.71, "T", "DIP", "USB-PORT_8", "", "O", 51.18, 70.87, 43.31, 90],
		[232, "USB-PORT_8", 2452.85, -922.71, "B", "DIP", "USB-PORT_8", "", "O", 51.18, 70.87, 43.31, 90],
		[233, "USB-PORT_9", 2347.73, -875.47, "T", "DIP", "USB-PORT_9", "", "C", 51.18, 51.18, 27.56, 90],
		[234, "USB-PORT_9", 2347.73, -875.47, "B", "DIP", "USB-PORT_9", "", "C", 51.18, 51.18, 27.56, 90],
		[235, "USB-UART_1", 1835, -918.09, "T", "SMD", "GND", "GND", "O", 22.05, 68.7, 0, 0],
		[236, "USB-UART_2", 1885, -918.09, "T", "SMD", "CH_TX", "", "O", 22.05, 68.7, 0, 0],
		[237, "USB-UART_3", 1935, -918.09, "T", "SMD", "CH_RX", "", "O", 22.05, 68.7, 0, 0],
		[238, "USB-UART_4", 1985, -918.09, "T", "SMD", "+3.3V", "", "O", 22.05, 68.7, 0, 0],
		[239, "USB-UART_5", 2035, -918.09, "T", "SMD", "D+", "", "O", 22.05, 68.7, 0, 0],
		[240, "USB-UART_6", 2085, -918.09, "T", "SMD", "D-", "", "O", 22.05, 68.7, 0, 0],
		[241, "USB-UART_7", 2135, -918.09, "T", "SMD", "USB-UART_7", "", "O", 22.05, 68.7, 0, 0],
		[242, "USB-UART_8", 2185, -918.09, "T", "SMD", "USB-UART_8", "", "O", 22.05, 68.7, 0, 0],
		[243, "USB-UART_9", 2185, -691.91, "T", "SMD", "USB-UART_9", "", "O", 22.05, 68.7, 0, 0],
		[244, "USB-UART_10", 2135, -691.91, "T", "SMD", "USB-UART_10", "", "O", 22.05, 68.7, 0, 0],
		[245, "USB-UART_11", 2085, -691.91, "T", "SMD", "USB-UART_11", "", "O", 22.05, 68.7, 0, 0],
		[246, "USB-UART_12", 2035, -691.91, "T", "SMD", "USB-UART_12", "", "O", 22.05, 68.7, 0, 0],
		[247, "USB-UART_13", 1985, -691.91, "T", "SMD", "DTR", "", "O", 22.05, 68.7, 0, 0],
		[248, "USB-UART_14", 1935, -691.91, "T", "SMD", "RTS", "", "O", 22.05, 68.7, 0, 0],
		[249, "USB-UART_15", 1885, -691.91, "T", "SMD", "USB-UART_15", "", "O", 22.05, 68.7, 0, 0],
		[250, "USB-UART_16", 1835, -691.91, "T", "SMD", "+3.3V", "", "O", 22.05, 68.7, 0, 0]
	]
}
}